"Longitude (x)","Latitude (y)","Station Name","Climate ID","Date/Time","Year","Month","Day","Data Quality","Max Temp (°C)","Max Temp Flag","Min Temp (°C)","Min Temp Flag","Mean Temp (°C)","Mean Temp Flag","Heat Deg Days (°C)","Heat Deg Days Flag","Cool Deg Days (°C)","Cool Deg Days Flag","Total Rain (mm)","Total Rain Flag","Total Snow (cm)","Total Snow Flag","Total Precip (mm)","Total Precip Flag","Snow on Grnd (cm)","Snow on Grnd Flag","Dir of Max Gust (10s deg)","Dir of Max Gust Flag","Spd of Max Gust (km/h)","Spd of Max Gust Flag"
"-73.58","45.50","MCTAVISH","7024745","2020-01-01","2020","01","01","","1.6","","-1.0","","0.3","","17.7","","0.0","","","","","","3.0","","19","","","","",""
"-73.58","45.50","MCTAVISH","7024745","2020-01-02","2020","01","02","","3.8","","-1.1","","1.3","","16.7","","0.0","","","","","","0.0","","19","","","","",""
"-73.58","45.50","MCTAVISH","7024745","2020-01-03","2020","01","03","","5.7","","2.3","","4.0","","14.0","","0.0","","","","","","0.0","","16","","","","",""
"-73.58","45.50","MCTAVISH","7024745","2020-01-04","2020","01","04","","2.6","","-2.0","","0.3","","17.7","","0.0","","","","","","1.2","","11","","","","",""
"-73.58","45.50","MCTAVISH","7024745","2020-01-05","2020","01","05","","-1.7","","-10.4","","-6.1","","24.1","","0.0","","","","","","0.2","","12","","","","",""
"-73.58","45.50","MCTAVISH","7024745","2020-01-06","2020","01","06","","-4.1","","-10.2","","-7.1","","25.1","","0.0","","","","","","2.5","","12","","","","",""
"-73.58","45.50","MCTAVISH","7024745","2020-01-07","2020","01","07","","-1.3","","-6.5","","-3.9","","21.9","","0.0","","","","","","","M","15","","","","",""
"-73.58","45.50","MCTAVISH","7024745","2020-01-08","2020","01","08","","0.1","","-11.1","","-5.5","","23.5","","0.0","","","","","","2.7","","16","","","","",""
"-73.58","45.50","MCTAVISH","7024745","2020-01-09","2020","01","09","","-9.1","","-16.4","","-12.8","","30.8","","0.0","","","","","","0.0","","18","","","","",""
"-73.58","45.50","MCTAVISH","7024745","2020-01-10","2020","01","10","","3.2","","-10.1","","-3.4","","21.4","","0.0","","","","","","0.0","","17","","","","",""
"-73.58","45.50","MCTAVISH","7024745","2020-01-11","2020","01","11","","7.1","","-3.8","","1.7","","16.3","","0.0","","","","","","43.6","","12","","4","","35",""
"-73.58","45.50","MCTAVISH","7024745","2020-01-12","2020","01","12","","-3.8","","-10.2","","-7.0","","25.0","","0.0","","","","","","13.5","","11","","","","",""
"-73.58","45.50","MCTAVISH","7024745","2020-01-13","2020","01","13","","-6.7","","-10.4","","-8.6","","26.6","","0.0","","","","","","0.4","","18","","","","",""
"-73.58","45.50","MCTAVISH","7024745","2020-01-14","2020","01","14","","-6.0","","-7.5","","-6.8","","24.8","","0.0","","","","","","1.4","","19","","","","",""
"-73.58","45.50","MCTAVISH","7024745","2020-01-15","2020","01","15","","0.5","","-6.9","","-3.2","","21.2","","0.0","","","","","","0.9","","19","","","","",""
"-73.58","45.50","MCTAVISH","7024745","2020-01-16","2020","01","16","","-0.3","","-14.0","","-7.2","","25.2","","0.0","","","","","","5.5","","21","","1","","46",""
"-73.58","45.50","MCTAVISH","7024745","2020-01-17","2020","01","17","","-14.0","","-19.8","","-16.9","","34.9","","0.0","","","","","","0.0","","28","","36","","31",""
"-73.58","45.50","MCTAVISH","7024745","2020-01-18","2020","01","18","","-12.9","","-17.1","","-15.0","","33.0","","0.0","","","","","","7.9","","27","","","","",""
"-73.58","45.50","MCTAVISH","7024745","2020-01-19","2020","01","19","","-8.8","","-13.0","","-10.9","","28.9","","0.0","","","","","","2.6","","50","","","","",""
"-73.58","45.50","MCTAVISH","7024745","2020-01-20","2020","01","20","","-10.9","","-16.3","","-13.6","","31.6","","0.0","","","","","","0.0","","49","","","","",""
"-73.58","45.50","MCTAVISH","7024745","2020-01-21","2020","01","21","","-3.1","","-15.4","","-9.3","","27.3","","0.0","","","","","","0.0","","46","","","","",""
"-73.58","45.50","MCTAVISH","7024745","2020-01-22","2020","01","22","","1.9","","-4.6","","-1.3","","19.3","","0.0","","","","","","0.0","","43","","20","","37",""
"-73.58","45.50","MCTAVISH","7024745","2020-01-23","2020","01","23","","2.1","","-2.9","","-0.4","","18.4","","0.0","","","","","","0.0","","41","","","","",""
"-73.58","45.50","MCTAVISH","7024745","2020-01-24","2020","01","24","","1.0","","-4.1","","-1.5","","19.5","","0.0","","","","","","0.0","","39","","","","",""
"-73.58","45.50","MCTAVISH","7024745","2020-01-25","2020","01","25","","0.9","","-4.9","","-2.0","","20.0","","0.0","","","","","","8.4","","38","","","","",""
"-73.58","45.50","MCTAVISH","7024745","2020-01-26","2020","01","26","","2.0","","0.4","","1.2","","16.8","","0.0","","","","","","10.4","","42","","","","",""
"-73.58","45.50","MCTAVISH","7024745","2020-01-27","2020","01","27","","2.5","","0.4","","1.4","","16.6","","0.0","","","","","","1.3","","39","","","","",""
"-73.58","45.50","MCTAVISH","7024745","2020-01-28","2020","01","28","","0.4","","-5.7","","-2.7","","20.7","","0.0","","","","","","0.0","","35","","","","",""
"-73.58","45.50","MCTAVISH","7024745","2020-01-29","2020","01","29","","-5.6","","-10.7","","-8.1","","26.1","","0.0","","","","","","0.0","","35","","","","",""
"-73.58","45.50","MCTAVISH","7024745","2020-01-30","2020","01","30","","-5.5","","-12.2","","-8.9","","26.9","","0.0","","","","","","0.2","","35","","","","",""
"-73.58","45.50","MCTAVISH","7024745","2020-01-31","2020","01","31","","-2.9","","-11.2","","-7.0","","25.0","","0.0","","","","","","0.0","","35","","","","",""
"-73.58","45.50","MCTAVISH","7024745","2020-02-01","2020","02","01","","-1.3","","-6.3","","-3.8","","21.8","","0.0","","","","","","0.9","","34","","","","",""
"-73.58","45.50","MCTAVISH","7024745","2020-02-02","2020","02","02","","-1.4","","-7.3","","-4.3","","22.3","","0.0","","","","","","0.6","","35","","","","",""
"-73.58","45.50","MCTAVISH","7024745","2020-02-03","2020","02","03","","3.5","","-3.0","","0.2","","17.8","","0.0","","","","","","0.0","","33","","1","","31",""
"-73.58","45.50","MCTAVISH","7024745","2020-02-04","2020","02","04","","3.4","","-1.8","","0.8","","17.2","","0.0","","","","","","0.0","","36","","","","",""
"-73.58","45.50","MCTAVISH","7024745","2020-02-05","2020","02","05","","-1.8","","-9.3","","-5.5","","23.5","","0.0","","","","","","0.0","","35","","","","",""
"-73.58","45.50","MCTAVISH","7024745","2020-02-06","2020","02","06","","-5.2","","-8.5","","-6.8","","24.8","","0.0","","","","","","7.5","","35","","","","",""
"-73.58","45.50","MCTAVISH","7024745","2020-02-07","2020","02","07","","-4.7","","-12.4","","-8.6","","26.6","","0.0","","","","","","22.8","","55","","3","","46",""
"-73.58","45.50","MCTAVISH","7024745","2020-02-08","2020","02","08","","-12.4","","-17.1","","-14.7","","32.7","","0.0","","","","","","0.0","","78","","","","",""
"-73.58","45.50","MCTAVISH","7024745","2020-02-09","2020","02","09","","-6.3","","-17.7","","-12.0","","30.0","","0.0","","","","","","0.0","","76","","","","",""
"-73.58","45.50","MCTAVISH","7024745","2020-02-10","2020","02","10","","-0.3","","-8.5","","-4.4","","22.4","","0.0","","","","","","9.9","","85","","","","",""
"-73.58","45.50","MCTAVISH","7024745","2020-02-11","2020","02","11","","-0.8","","-7.4","","-4.1","","22.1","","0.0","","","","","","0.0","","84","","","","",""
"-73.58","45.50","MCTAVISH","7024745","2020-02-12","2020","02","12","","1.8","","-2.5","","-0.3","","18.3","","0.0","","","","","","0.0","","81","","","","",""
"-73.58","45.50","MCTAVISH","7024745","2020-02-13","2020","02","13","","0.5","","-15.5","","-7.5","","25.5","","0.0","","","","","","2.7","","79","","","","",""
"-73.58","45.50","MCTAVISH","7024745","2020-02-14","2020","02","14","","-15.5","","-22.1","","-18.8","","36.8","","0.0","","","","","","0.3","","85","","","","",""
"-73.58","45.50","MCTAVISH","7024745","2020-02-15","2020","02","15","","-4.7","","-17.7","","-11.2","","29.2","","0.0","","","","","","0.3","","83","","","","",""
"-73.58","45.50","MCTAVISH","7024745","2020-02-16","2020","02","16","","3.0","","-5.5","","-1.2","","19.2","","0.0","","","","","","0.0","","80","","","","",""
"-73.58","45.50","MCTAVISH","7024745","2020-02-17","2020","02","17","","-0.7","","-11.1","","-5.9","","23.9","","0.0","","","","","","0.2","","78","","","","",""
"-73.58","45.50","MCTAVISH","7024745","2020-02-18","2020","02","18","","4.1","","-13.3","","-4.6","","22.6","","0.0","","","","","","7.7","","77","","18","","37",""
"-73.58","45.50","MCTAVISH","7024745","2020-02-19","2020","02","19","","2.0","","-12.7","","-5.4","","23.4","","0.0","","","","","","1.6","","82","","35","","32",""
"-73.58","45.50","MCTAVISH","7024745","2020-02-20","2020","02","20","","-10.6","","-15.3","","-12.9","","30.9","","0.0","","","","","","0.0","","83","","","","",""
"-73.58","45.50","MCTAVISH","7024745","2020-02-21","2020","02","21","","-1.4","","-16.3","","-8.8","","26.8","","0.0","","","","","","0.0","","81","","23","","36",""
"-73.58","45.50","MCTAVISH","7024745","2020-02-22","2020","02","22","","3.0","","-2.7","","0.2","","17.8","","0.0","","","","","","0.0","","80","","","","",""
"-73.58","45.50","MCTAVISH","7024745","2020-02-23","2020","02","23","","6.5","","-1.9","","2.3","","15.7","","0.0","","","","","","0.0","","78","","","","",""
"-73.58","45.50","MCTAVISH","7024745","2020-02-24","2020","02","24","","9.4","","2.5","","5.9","","12.1","","0.0","","","","","","0.0","","74","","22","","33",""
"-73.58","45.50","MCTAVISH","7024745","2020-02-25","2020","02","25","","4.7","","0.7","","2.7","","15.3","","0.0","","","","","","0.0","","68","","","","",""
"-73.58","45.50","MCTAVISH","7024745","2020-02-26","2020","02","26","","0.7","","-3.0","","-1.1","","19.1","","0.0","","","","","","1.7","","66","","7","","33",""
"-73.58","45.50","MCTAVISH","7024745","2020-02-27","2020","02","27","","2.8","","-7.8","","-2.5","","20.5","","0.0","","","","","","18.3","","68","","21","","53",""
"-73.58","45.50","MCTAVISH","7024745","2020-02-28","2020","02","28","","-6.4","","-10.8","","-8.6","","26.6","","0.0","","","","","","0.0","","79","","28","","34",""
"-73.58","45.50","MCTAVISH","7024745","2020-02-29","2020","02","29","","-8.4","","-12.3","","-10.4","","28.4","","0.0","","","","","","0.2","","77","","","","",""
"-73.58","45.50","MCTAVISH","7024745","2020-03-01","2020","03","01","","-5.1","","-12.6","","-8.8","","26.8","","0.0","","","","","","3.2","","76","","","","",""
"-73.58","45.50","MCTAVISH","7024745","2020-03-02","2020","03","02","","5.4","","-7.4","","-1.0","","19.0","","0.0","","","","","","12.1","","75","","","","",""
"-73.58","45.50","MCTAVISH","7024745","2020-03-03","2020","03","03","","6.4","","0.6","","3.5","","14.5","","0.0","","","","","","9.3","","70","","","","",""
"-73.58","45.50","MCTAVISH","7024745","2020-03-04","2020","03","04","","3.7","","0.8","","2.3","","15.7","","0.0","","","","","","0.0","","65","","21","","37",""
"-73.58","45.50","MCTAVISH","7024745","2020-03-05","2020","03","05","","3.4","","-1.2","","1.1","","16.9","","0.0","","","","","","0.3","","62","","","","",""
"-73.58","45.50","MCTAVISH","7024745","2020-03-06","2020","03","06","","0.9","","-5.6","","-2.4","","20.4","","0.0","","","","","","1.9","","61","","1","","41",""
"-73.58","45.50","MCTAVISH","7024745","2020-03-07","2020","03","07","","0.1","","-8.7","","-4.3","","22.3","","0.0","","","","","","0.0","","69","","","","",""
"-73.58","45.50","MCTAVISH","7024745","2020-03-08","2020","03","08","","6.8","","-1.2","","2.8","","15.2","","0.0","","","","","","0.0","","68","","","","",""
"-73.58","45.50","MCTAVISH","7024745","2020-03-09","2020","03","09","","12.0","","-2.0","","5.0","","13.0","","0.0","","","","","","0.0","","63","","","","",""
"-73.58","45.50","MCTAVISH","7024745","2020-03-10","2020","03","10","","7.8","","-1.9","","3.0","","15.0","","0.0","","","","","","11.8","","57","","","","",""
"-73.58","45.50","MCTAVISH","7024745","2020-03-11","2020","03","11","","-0.5","","-5.9","","-3.2","","21.2","","0.0","","","","","","0.2","","54","","","","",""
"-73.58","45.50","MCTAVISH","7024745","2020-03-12","2020","03","12","","2.0","","-4.0","","-1.0","","19.0","","0.0","","","","","","0.0","","54","","","","",""
"-73.58","45.50","MCTAVISH","7024745","2020-03-13","2020","03","13","","9.6","","0.4","","5.0","","13.0","","0.0","","","","","","14.5","","52","","22","","45",""
"-73.58","45.50","MCTAVISH","7024745","2020-03-14","2020","03","14","","5.7","","-3.0","","1.4","","16.6","","0.0","","","","","","0.0","","47","","27","","40",""
"-73.58","45.50","MCTAVISH","7024745","2020-03-15","2020","03","15","","-1.5","","-8.5","","-5.0","","23.0","","0.0","","","","","","0.0","","45","","","","",""
"-73.58","45.50","MCTAVISH","7024745","2020-03-16","2020","03","16","","2.2","","-10.1","","-3.9","","21.9","","0.0","","","","","","0.0","","44","","","","",""
"-73.58","45.50","MCTAVISH","7024745","2020-03-17","2020","03","17","","5.6","","0.5","","3.1","","14.9","","0.0","","","","","","7.5","","45","","3","","34",""
"-73.58","45.50","MCTAVISH","7024745","2020-03-18","2020","03","18","","2.5","","-2.9","","-0.2","","18.2","","0.0","","","","","","0.2","","46","","","","",""
"-73.58","45.50","MCTAVISH","7024745","2020-03-19","2020","03","19","","6.8","","-0.6","","3.1","","14.9","","0.0","","","","","","0.0","","45","","","","",""
"-73.58","45.50","MCTAVISH","7024745","2020-03-20","2020","03","20","","15.5","","-2.4","","6.5","","11.5","","0.0","","","","","","13.8","","40","","27","","44",""
"-73.58","45.50","MCTAVISH","7024745","2020-03-21","2020","03","21","","-1.8","","-7.8","","-4.8","","22.8","","0.0","","","","","","0.2","","34","","","","",""
"-73.58","45.50","MCTAVISH","7024745","2020-03-22","2020","03","22","","-1.8","","-8.1","","-4.9","","22.9","","0.0","","","","","","0.0","","34","","","","",""
"-73.58","45.50","MCTAVISH","7024745","2020-03-23","2020","03","23","","1.6","","-5.0","","-1.7","","19.7","","0.0","","","","","","4.8","","34","","21","","34",""
"-73.58","45.50","MCTAVISH","7024745","2020-03-24","2020","03","24","","6.0","","-1.0","","2.5","","15.5","","0.0","","","","","","2.3","","43","","","","",""
"-73.58","45.50","MCTAVISH","7024745","2020-03-25","2020","03","25","","7.8","","-1.2","","3.3","","14.7","","0.0","","","","","","0.2","","35","","","","",""
"-73.58","45.50","MCTAVISH","7024745","2020-03-26","2020","03","26","","10.9","","3.2","","7.0","","11.0","","0.0","","","","","","1.8","","31","","","","",""
"-73.58","45.50","MCTAVISH","7024745","2020-03-27","2020","03","27","","9.0","","1.1","","5.0","","13.0","","0.0","","","","","","0.0","","25","","","","",""
"-73.58","45.50","MCTAVISH","7024745","2020-03-28","2020","03","28","","8.6","","1.2","","4.9","","13.1","","0.0","","","","","","0.2","","20","","","","",""
"-73.58","45.50","MCTAVISH","7024745","2020-03-29","2020","03","29","","5.9","","3.6","","4.8","","13.2","","0.0","","","","","","41.2","","18","","","","",""
"-73.58","45.50","MCTAVISH","7024745","2020-03-30","2020","03","30","","8.0","","1.4","","4.7","","13.3","","0.0","","","","","","10.0","","13","","","","",""
"-73.58","45.50","MCTAVISH","7024745","2020-03-31","2020","03","31","","7.1","","0.8","","4.0","","14.0","","0.0","","","","","","0.2","","11","","4","","36",""
"-73.58","45.50","MCTAVISH","7024745","2020-04-01","2020","04","01","","5.8","","0.2","","3.0","","15.0","","0.0","","","","","","0.0","","9","","","","",""
"-73.58","45.50","MCTAVISH","7024745","2020-04-02","2020","04","02","","6.3","","1.7","","4.0","","14.0","","0.0","","","","","","12.3","","7","","3","","31",""
"-73.58","45.50","MCTAVISH","7024745","2020-04-03","2020","04","03","","9.8","","4.8","","7.3","","10.7","","0.0","","","","","","15.2","","3","","3","","41",""
"-73.58","45.50","MCTAVISH","7024745","2020-04-04","2020","04","04","","11.0","","3.0","","7.0","","11.0","","0.0","","","","","","0.2","","0","","","","",""
"-73.58","45.50","MCTAVISH","7024745","2020-04-05","2020","04","05","","9.8","","4.5","","7.1","","10.9","","0.0","","","","","","0.0","","","","","","",""
"-73.58","45.50","MCTAVISH","7024745","2020-04-06","2020","04","06","","13.1","","1.8","","7.4","","10.6","","0.0","","","","","","0.0","","","","19","","31",""
"-73.58","45.50","MCTAVISH","7024745","2020-04-07","2020","04","07","","12.9","","0.9","","6.9","","11.1","","0.0","","","","","","0.8","","","","","M","","M"
"-73.58","45.50","MCTAVISH","7024745","2020-04-08","2020","04","08","","8.7","","0.8","","4.7","","13.3","","0.0","","","","","","0.2","","","","","M","","M"
"-73.58","45.50","MCTAVISH","7024745","2020-04-09","2020","04","09","","6.2","","0.6","","3.4","","14.6","","0.0","","","","","","8.4","","","","","M","","M"
"-73.58","45.50","MCTAVISH","7024745","2020-04-10","2020","04","10","","7.1","","0.8","","4.0","","14.0","","0.0","","","","","","3.6","","","","","M","","M"
"-73.58","45.50","MCTAVISH","7024745","2020-04-11","2020","04","11","","6.4","","0.0","","3.2","","14.8","","0.0","","","","","","0.2","","","","","M","","M"
"-73.58","45.50","MCTAVISH","7024745","2020-04-12","2020","04","12","","14.2","","1.5","","7.9","","10.1","","0.0","","","","","","0.0","","","","","M","","M"
"-73.58","45.50","MCTAVISH","7024745","2020-04-13","2020","04","13","","15.7","","4.9","","10.3","","7.7","","0.0","","","","","","26.2","","","","","M","","M"
"-73.58","45.50","MCTAVISH","7024745","2020-04-14","2020","04","14","","7.2","","2.8","","5.0","","13.0","","0.0","","","","","","0.2","","","","","M","","M"
"-73.58","45.50","MCTAVISH","7024745","2020-04-15","2020","04","15","","5.8","","-0.8","","2.5","","15.5","","0.0","","","","","","0.0","","","","","M","","M"
"-73.58","45.50","MCTAVISH","7024745","2020-04-16","2020","04","16","","4.7","","-1.7","","1.5","","16.5","","0.0","","","","","","0.2","","","","","M","","M"
"-73.58","45.50","MCTAVISH","7024745","2020-04-17","2020","04","17","","5.2","","-1.1","","2.1","","15.9","","0.0","","","","","","0.0","","","","","M","","M"
"-73.58","45.50","MCTAVISH","7024745","2020-04-18","2020","04","18","","9.5","","0.0","","4.8","","13.2","","0.0","","","","","","0.2","","","","","M","","M"
"-73.58","45.50","MCTAVISH","7024745","2020-04-19","2020","04","19","","11.8","","1.0","","6.4","","11.6","","0.0","","","","","","0.5","","","","","M","","M"
"-73.58","45.50","MCTAVISH","7024745","2020-04-20","2020","04","20","","5.8","","-2.9","","1.4","","16.6","","0.0","","","","","","","M","","","","M","","M"
"-73.58","45.50","MCTAVISH","7024745","2020-04-21","2020","04","21","","8.3","","-1.4","","3.5","","14.5","","0.0","","","","","","1.9","","","","","M","","M"
"-73.58","45.50","MCTAVISH","7024745","2020-04-22","2020","04","22","","2.1","","-5.7","","-1.8","","19.8","","0.0","","","","","","0.4","","","","","M","","M"
"-73.58","45.50","MCTAVISH","7024745","2020-04-23","2020","04","23","","7.0","","-3.5","","1.7","","16.3","","0.0","","","","","","0.0","","","","","M","","M"
"-73.58","45.50","MCTAVISH","7024745","2020-04-24","2020","04","24","","10.6","","-0.2","","5.2","","12.8","","0.0","","","","","","0.0","","","","","M","","M"
"-73.58","45.50","MCTAVISH","7024745","2020-04-25","2020","04","25","","14.3","","3.1","","8.7","","9.3","","0.0","","","","","","0.0","","","","","M","","M"
"-73.58","45.50","MCTAVISH","7024745","2020-04-26","2020","04","26","","13.4","","4.5","","9.0","","9.0","","0.0","","","","","","0.0","","","","","M","","M"
"-73.58","45.50","MCTAVISH","7024745","2020-04-27","2020","04","27","","10.6","","5.3","","8.0","","10.0","","0.0","","","","","","0.0","","","","","M","","M"
"-73.58","45.50","MCTAVISH","7024745","2020-04-28","2020","04","28","","12.8","","4.6","","8.7","","9.3","","0.0","","","","","","0.0","","","","","M","","M"
"-73.58","45.50","MCTAVISH","7024745","2020-04-29","2020","04","29","","19.4","","5.0","","12.2","","5.8","","0.0","","","","","","0.0","","","","","M","","M"
"-73.58","45.50","MCTAVISH","7024745","2020-04-30","2020","04","30","","11.3","","8.6","","10.0","","8.0","","0.0","","","","","","10.9","","","","","M","","M"
"-73.58","45.50","MCTAVISH","7024745","2020-05-01","2020","05","01","","17.8","","7.6","","12.7","","5.3","","0.0","","","","","","2.4","","","","","M","","M"
"-73.58","45.50","MCTAVISH","7024745","2020-05-02","2020","05","02","","18.7","","6.7","","12.7","","5.3","","0.0","","","","","","0.0","","","","","M","","M"
"-73.58","45.50","MCTAVISH","7024745","2020-05-03","2020","05","03","","20.6","","9.7","","15.2","","2.8","","0.0","","","","","","1.6","","","","","M","","M"
"-73.58","45.50","MCTAVISH","7024745","2020-05-04","2020","05","04","","10.9","","4.3","","7.6","","10.4","","0.0","","","","","","0.0","","","","","M","","M"
"-73.58","45.50","MCTAVISH","7024745","2020-05-05","2020","05","05","","11.1","","2.0","","6.6","","11.4","","0.0","","","","","","0.0","","","","","M","","M"
"-73.58","45.50","MCTAVISH","7024745","2020-05-06","2020","05","06","","13.6","","5.6","","9.6","","8.4","","0.0","","","","","","0.0","","","","","M","","M"
"-73.58","45.50","MCTAVISH","7024745","2020-05-07","2020","05","07","","16.4","","2.4","","9.4","","8.6","","0.0","","","","","","0.0","","","","","M","","M"
"-73.58","45.50","MCTAVISH","7024745","2020-05-08","2020","05","08","","6.6","","0.5","","3.5","","14.5","","0.0","","","","","","0.2","","","","","M","","M"
"-73.58","45.50","MCTAVISH","7024745","2020-05-09","2020","05","09","","5.6","","-0.1","","2.7","","15.3","","0.0","","","","","","0.0","","","","","M","","M"
"-73.58","45.50","MCTAVISH","7024745","2020-05-10","2020","05","10","","10.7","","1.7","","6.2","","11.8","","0.0","","","","","","0.0","","","","","M","","M"
"-73.58","45.50","MCTAVISH","7024745","2020-05-11","2020","05","11","","9.9","","2.8","","6.3","","11.7","","0.0","","","","","","0.0","","","","","M","","M"
"-73.58","45.50","MCTAVISH","7024745","2020-05-12","2020","05","12","","9.9","","0.8","","5.3","","12.7","","0.0","","","","","","0.0","","","","","M","","M"
"-73.58","45.50","MCTAVISH","7024745","2020-05-13","2020","05","13","","14.9","","2.2","","8.6","","9.4","","0.0","","","","","","0.0","","","","","M","","M"
"-73.58","45.50","MCTAVISH","7024745","2020-05-14","2020","05","14","","18.1","","5.2","","11.6","","6.4","","0.0","","","","","","0.0","","","","","M","","M"
"-73.58","45.50","MCTAVISH","7024745","2020-05-15","2020","05","15","","15.0","","9.9","","12.5","","5.5","","0.0","","","","","","16.8","","","","","M","","M"
"-73.58","45.50","MCTAVISH","7024745","2020-05-16","2020","05","16","","16.8","","10.9","","13.9","","4.1","","0.0","","","","","","0.0","","","","","M","","M"
"-73.58","45.50","MCTAVISH","7024745","2020-05-17","2020","05","17","","19.8","","11.2","","15.5","","2.5","","0.0","","","","","","0.0","","","","","M","","M"
"-73.58","45.50","MCTAVISH","7024745","2020-05-18","2020","05","18","","18.5","","8.9","","13.7","","4.3","","0.0","","","","","","0.0","","","","","M","","M"
"-73.58","45.50","MCTAVISH","7024745","2020-05-19","2020","05","19","","20.0","","7.3","","13.6","","4.4","","0.0","","","","","","0.0","","","","","M","","M"
"-73.58","45.50","MCTAVISH","7024745","2020-05-20","2020","05","20","","23.8","","9.1","","16.5","","1.5","","0.0","","","","","","0.2","","","","","M","","M"
"-73.58","45.50","MCTAVISH","7024745","2020-05-21","2020","05","21","","25.1","","14.3","","19.7","","0.0","","1.7","","","","","","0.0","","","","","M","","M"
"-73.58","45.50","MCTAVISH","7024745","2020-05-22","2020","05","22","","28.1","","13.8","","21.0","","0.0","","3.0","","","","","","0.0","","","","","M","","M"
"-73.58","45.50","MCTAVISH","7024745","2020-05-23","2020","05","23","","20.5","","11.8","","16.2","","1.8","","0.0","","","","","","0.0","","","","","M","","M"
"-73.58","45.50","MCTAVISH","7024745","2020-05-24","2020","05","24","","25.3","","8.5","","16.9","","1.1","","0.0","","","","","","0.0","","","","","M","","M"
"-73.58","45.50","MCTAVISH","7024745","2020-05-25","2020","05","25","","24.0","","16.2","","20.1","","0.0","","2.1","","","","","","0.0","","","","","M","","M"
"-73.58","45.50","MCTAVISH","7024745","2020-05-26","2020","05","26","","32.3","","17.7","","25.0","","0.0","","7.0","","","","","","0.0","","","","","M","","M"
"-73.58","45.50","MCTAVISH","7024745","2020-05-27","2020","05","27","","35.9","","22.1","","29.0","","0.0","","11.0","","","","","","0.5","","","","","M","","M"
"-73.58","45.50","MCTAVISH","7024745","2020-05-28","2020","05","28","","28.9","","23.0","","26.0","","0.0","","8.0","","","","","","0.0","","","","","M","","M"
"-73.58","45.50","MCTAVISH","7024745","2020-05-29","2020","05","29","","30.4","","20.2","","25.3","","0.0","","7.3","","","","","","0.2","","","","","M","","M"
"-73.58","45.50","MCTAVISH","7024745","2020-05-30","2020","05","30","","21.9","","8.6","","15.2","","2.8","","0.0","","","","","","5.7","","","","","M","","M"
"-73.58","45.50","MCTAVISH","7024745","2020-05-31","2020","05","31","","12.2","","6.2","","9.2","","8.8","","0.0","","","","","","0.2","","","","","M","","M"
"-73.58","45.50","MCTAVISH","7024745","2020-06-01","2020","06","01","","14.7","","5.6","","10.2","","7.8","","0.0","","","","","","0.8","","","","","M","","M"
"-73.58","45.50","MCTAVISH","7024745","2020-06-02","2020","06","02","","16.6","","7.4","","12.0","","6.0","","0.0","","","","","","0.0","","","","","M","","M"
"-73.58","45.50","MCTAVISH","7024745","2020-06-03","2020","06","03","","16.0","","10.8","","13.4","","4.6","","0.0","","","","","","0.2","","","","","M","","M"
"-73.58","45.50","MCTAVISH","7024745","2020-06-04","2020","06","04","","25.5","","13.3","","19.4","","0.0","","1.4","","","","","","0.0","","","","","M","","M"
"-73.58","45.50","MCTAVISH","7024745","2020-06-05","2020","06","05","","29.6","","17.2","","23.4","","0.0","","5.4","","","","","","7.5","","","","","M","","M"
"-73.58","45.50","MCTAVISH","7024745","2020-06-06","2020","06","06","","25.7","","14.1","","19.9","","0.0","","1.9","","","","","","3.1","","","","","M","","M"
"-73.58","45.50","MCTAVISH","7024745","2020-06-07","2020","06","07","","21.8","","12.7","","17.2","","0.8","","0.0","","","","","","0.0","","","","","M","","M"
"-73.58","45.50","MCTAVISH","7024745","2020-06-08","2020","06","08","","22.6","","12.2","","17.4","","0.6","","0.0","","","","","","0.0","","","","","M","","M"
"-73.58","45.50","MCTAVISH","7024745","2020-06-09","2020","06","09","","21.8","","15.8","","18.8","","0.0","","0.8","","","","","","0.0","","","","","M","","M"
"-73.58","45.50","MCTAVISH","7024745","2020-06-10","2020","06","10","","","M","","M","","M","","M","","M","","","","","","M","","","","M","","M"
"-73.58","45.50","MCTAVISH","7024745","2020-06-11","2020","06","11","","26.6","","16.1","","21.4","","0.0","","3.4","","","","","","1.0","","","","20","","45",""
"-73.58","45.50","MCTAVISH","7024745","2020-06-12","2020","06","12","","21.9","","8.4","","15.1","","2.9","","0.0","","","","","","0.0","","","","23","","40",""
"-73.58","45.50","MCTAVISH","7024745","2020-06-13","2020","06","13","","16.6","","7.1","","11.9","","6.1","","0.0","","","","","","0.0","","","","","","",""
"-73.58","45.50","MCTAVISH","7024745","2020-06-14","2020","06","14","","21.0","","10.3","","15.7","","2.3","","0.0","","","","","","0.0","","","","","","",""
"-73.58","45.50","MCTAVISH","7024745","2020-06-15","2020","06","15","","24.0","","11.3","","17.7","","0.3","","0.0","","","","","","0.0","","","","","","",""
"-73.58","45.50","MCTAVISH","7024745","2020-06-16","2020","06","16","","27.7","","17.0","","22.3","","0.0","","4.3","","","","","","0.0","","","","","","",""
"-73.58","45.50","MCTAVISH","7024745","2020-06-17","2020","06","17","","30.4","","19.0","","24.7","","0.0","","6.7","","","","","","0.0","","","","","","",""
"-73.58","45.50","MCTAVISH","7024745","2020-06-18","2020","06","18","","33.4","","21.3","","27.3","","0.0","","9.3","","","","","","0.0","","","","","","",""
"-73.58","45.50","MCTAVISH","7024745","2020-06-19","2020","06","19","","32.5","","21.3","","26.9","","0.0","","8.9","","","","","","0.0","","","","","","",""
"-73.58","45.50","MCTAVISH","7024745","2020-06-20","2020","06","20","","34.1","","22.0","","28.1","","0.0","","10.1","","","","","","0.0","","","","","","",""
"-73.58","45.50","MCTAVISH","7024745","2020-06-21","2020","06","21","","33.5","","21.3","","27.4","","0.0","","9.4","","","","","","0.0","","","","","","",""
"-73.58","45.50","MCTAVISH","7024745","2020-06-22","2020","06","22","","34.7","","23.0","","28.9","","0.0","","10.9","","","","","","0.0","","","","","","",""
"-73.58","45.50","MCTAVISH","7024745","2020-06-23","2020","06","23","","33.8","","21.9","","27.9","","0.0","","9.9","","","","","","4.3","","","","23","","36",""
"-73.58","45.50","MCTAVISH","7024745","2020-06-24","2020","06","24","","24.8","","17.3","","21.0","","0.0","","3.0","","","","","","7.9","","","","19","","42",""
"-73.58","45.50","MCTAVISH","7024745","2020-06-25","2020","06","25","","24.7","","15.6","","20.2","","0.0","","2.2","","","","","","0.0","","","","20","","38",""
"-73.58","45.50","MCTAVISH","7024745","2020-06-26","2020","06","26","","26.3","","17.5","","21.9","","0.0","","3.9","","","","","","0.0","","","","","","",""
"-73.58","45.50","MCTAVISH","7024745","2020-06-27","2020","06","27","","26.9","","18.3","","22.6","","0.0","","4.6","","","","","","1.2","","","","","","",""
"-73.58","45.50","MCTAVISH","7024745","2020-06-28","2020","06","28","","27.1","","18.5","","22.8","","0.0","","4.8","","","","","","0.3","","","","","","",""
"-73.58","45.50","MCTAVISH","7024745","2020-06-29","2020","06","29","","24.5","","18.5","","21.5","","0.0","","3.5","","","","","","5.4","","","","","","",""
"-73.58","45.50","MCTAVISH","7024745","2020-06-30","2020","06","30","","24.4","","18.2","","21.3","","0.0","","3.3","","","","","","0.0","","","","","","",""
"-73.58","45.50","MCTAVISH","7024745","2020-07-01","2020","07","01","","30.8","","18.3","","24.5","","0.0","","6.5","","","","","","0.0","","","","","","",""
"-73.58","45.50","MCTAVISH","7024745","2020-07-02","2020","07","02","","31.0","","20.8","","25.9","","0.0","","7.9","","","","","","0.0","","","","","","",""
"-73.58","45.50","MCTAVISH","7024745","2020-07-03","2020","07","03","","30.5","","18.6","","24.5","","0.0","","6.5","","","","","","0.0","","","","","","",""
"-73.58","45.50","MCTAVISH","7024745","2020-07-04","2020","07","04","","30.6","","21.1","","25.8","","0.0","","7.8","","","","","","0.0","","","","","","",""
"-73.58","45.50","MCTAVISH","7024745","2020-07-05","2020","07","05","","27.9","","18.6","","23.2","","0.0","","5.2","","","","","","0.0","","","","","","",""
"-73.58","45.50","MCTAVISH","7024745","2020-07-06","2020","07","06","","30.2","","16.8","","23.5","","0.0","","5.5","","","","","","0.0","","","","","","",""
"-73.58","45.50","MCTAVISH","7024745","2020-07-07","2020","07","07","","32.6","","18.3","","25.5","","0.0","","7.5","","","","","","0.0","","","","","","",""
"-73.58","45.50","MCTAVISH","7024745","2020-07-08","2020","07","08","","29.7","","20.9","","25.3","","0.0","","7.3","","","","","","20.9","","","","2","","47",""
"-73.58","45.50","MCTAVISH","7024745","2020-07-09","2020","07","09","","33.4","","21.6","","27.5","","0.0","","9.5","","","","","","0.0","","","","","","",""
"-73.58","45.50","MCTAVISH","7024745","2020-07-10","2020","07","10","","35.0","","24.8","","29.9","","0.0","","11.9","","","","","","0.0","","","","21","","33",""
"-73.58","45.50","MCTAVISH","7024745","2020-07-11","2020","07","11","","27.3","","22.5","","24.9","","0.0","","6.9","","","","","","11.4","","","","","","",""
"-73.58","45.50","MCTAVISH","7024745","2020-07-12","2020","07","12","","27.9","","21.3","","24.6","","0.0","","6.6","","","","","","1.5","","","","","","",""
"-73.58","45.50","MCTAVISH","7024745","2020-07-13","2020","07","13","","28.2","","19.8","","24.0","","0.0","","6.0","","","","","","0.0","","","","","","",""
"-73.58","45.50","MCTAVISH","7024745","2020-07-14","2020","07","14","","25.2","","17.8","","21.5","","0.0","","3.5","","","","","","0.0","","","","","","",""
"-73.58","45.50","MCTAVISH","7024745","2020-07-15","2020","07","15","","25.9","","15.9","","20.9","","0.0","","2.9","","","","","","0.0","","","","","","",""
"-73.58","45.50","MCTAVISH","7024745","2020-07-16","2020","07","16","","27.8","","19.7","","23.7","","0.0","","5.7","","","","","","0.0","","","","","","",""
"-73.58","45.50","MCTAVISH","7024745","2020-07-17","2020","07","17","","28.7","","16.8","","22.8","","0.0","","4.8","","","","","","27.8","","","","","","",""
"-73.58","45.50","MCTAVISH","7024745","2020-07-18","2020","07","18","","30.6","","20.9","","25.7","","0.0","","7.7","","","","","","0.0","","","","","","",""
"-73.58","45.50","MCTAVISH","7024745","2020-07-19","2020","07","19","","32.4","","21.4","","26.9","","0.0","","8.9","","","","","","7.0","","","","20","","34",""
"-73.58","45.50","MCTAVISH","7024745","2020-07-20","2020","07","20","","28.5","","21.3","","24.9","","0.0","","6.9","","","","","","1.0","","","","","","",""
"-73.58","45.50","MCTAVISH","7024745","2020-07-21","2020","07","21","","25.4","","18.5","","22.0","","0.0","","4.0","","","","","","0.0","","","","","","",""
"-73.58","45.50","MCTAVISH","7024745","2020-07-22","2020","07","22","","26.0","","18.2","","22.1","","0.0","","4.1","","","","","","0.0","","","","","","",""
"-73.58","45.50","MCTAVISH","7024745","2020-07-23","2020","07","23","","25.4","","18.5","","22.0","","0.0","","4.0","","","","","","0.0","","","","","","",""
"-73.58","45.50","MCTAVISH","7024745","2020-07-24","2020","07","24","","29.6","","18.4","","24.0","","0.0","","6.0","","","","","","0.0","","","","","","",""
"-73.58","45.50","MCTAVISH","7024745","2020-07-25","2020","07","25","","30.2","","21.5","","25.9","","0.0","","7.9","","","","","","0.0","","","","","","",""
"-73.58","45.50","MCTAVISH","7024745","2020-07-26","2020","07","26","","31.9","","23.2","","27.5","","0.0","","9.5","","","","","","19.1","","","","3","","35",""
"-73.58","45.50","MCTAVISH","7024745","2020-07-27","2020","07","27","","30.4","","23.4","","26.9","","0.0","","8.9","","","","","","8.7","","","","","","",""
"-73.58","45.50","MCTAVISH","7024745","2020-07-28","2020","07","28","","29.2","","22.3","","25.7","","0.0","","7.7","","","","","","0.0","","","","19","","33",""
"-73.58","45.50","MCTAVISH","7024745","2020-07-29","2020","07","29","","26.0","","18.8","","22.4","","0.0","","4.4","","","","","","2.1","","","","","","",""
"-73.58","45.50","MCTAVISH","7024745","2020-07-30","2020","07","30","","27.1","","17.6","","22.4","","0.0","","4.4","","","","","","2.3","","","","35","","32",""
"-73.58","45.50","MCTAVISH","7024745","2020-07-31","2020","07","31","","27.2","","17.4","","22.3","","0.0","","4.3","","","","","","2.0","","","","","","",""
"-73.58","45.50","MCTAVISH","7024745","2020-08-01","2020","08","01","","29.3","","19.2","","24.3","","0.0","","6.3","","","","","","0.0","","","","","","",""
"-73.58","45.50","MCTAVISH","7024745","2020-08-02","2020","08","02","","27.1","","20.1","","23.6","","0.0","","5.6","","","","","","74.7","","","","26","","34",""
"-73.58","45.50","MCTAVISH","7024745","2020-08-03","2020","08","03","","26.1","","19.4","","22.8","","0.0","","4.8","","","","","","1.4","","","","30","","36",""
"-73.58","45.50","MCTAVISH","7024745","2020-08-04","2020","08","04","","21.2","","18.5","","19.8","","0.0","","1.8","","","","","","44.8","","","","36","","33",""
"-73.58","45.50","MCTAVISH","7024745","2020-08-05","2020","08","05","","24.4","","17.6","","21.0","","0.0","","3.0","","","","","","1.6","","","","20","","31",""
"-73.58","45.50","MCTAVISH","7024745","2020-08-06","2020","08","06","","24.8","","15.2","","20.0","","0.0","","2.0","","","","","","0.0","","","","","","",""
"-73.58","45.50","MCTAVISH","7024745","2020-08-07","2020","08","07","","26.9","","16.8","","21.9","","0.0","","3.9","","","","","","0.0","","","","","","",""
"-73.58","45.50","MCTAVISH","7024745","2020-08-08","2020","08","08","","28.2","","17.7","","22.9","","0.0","","4.9","","","","","","0.0","","","","","","",""
"-73.58","45.50","MCTAVISH","7024745","2020-08-09","2020","08","09","","27.0","","20.6","","23.8","","0.0","","5.8","","","","","","0.0","","","","","","",""
"-73.58","45.50","MCTAVISH","7024745","2020-08-10","2020","08","10","","28.4","","20.4","","24.4","","0.0","","6.4","","","","","","0.0","","","","","","",""
"-73.58","45.50","MCTAVISH","7024745","2020-08-11","2020","08","11","","32.7","","21.9","","27.3","","0.0","","9.3","","","","","","4.3","","","","","","",""
"-73.58","45.50","MCTAVISH","7024745","2020-08-12","2020","08","12","","29.0","","20.8","","24.9","","0.0","","6.9","","","","","","0.0","","","","","","",""
"-73.58","45.50","MCTAVISH","7024745","2020-08-13","2020","08","13","","28.9","","21.0","","25.0","","0.0","","7.0","","","","","","0.0","","","","","","",""
"-73.58","45.50","MCTAVISH","7024745","2020-08-14","2020","08","14","","26.2","","18.6","","22.4","","0.0","","4.4","","","","","","0.0","","","","","","",""
"-73.58","45.50","MCTAVISH","7024745","2020-08-15","2020","08","15","","28.2","","16.6","","22.4","","0.0","","4.4","","","","","","0.0","","","","","","",""
"-73.58","45.50","MCTAVISH","7024745","2020-08-16","2020","08","16","","27.9","","19.3","","23.6","","0.0","","5.6","","","","","","0.0","","","","","","",""
"-73.58","45.50","MCTAVISH","7024745","2020-08-17","2020","08","17","","25.0","","18.7","","21.9","","0.0","","3.9","","","","","","10.7","","","","","","",""
"-73.58","45.50","MCTAVISH","7024745","2020-08-18","2020","08","18","","24.4","","16.2","","20.3","","0.0","","2.3","","","","","","2.1","","","","","","",""
"-73.58","45.50","MCTAVISH","7024745","2020-08-19","2020","08","19","","21.1","","14.1","","17.6","","0.4","","0.0","","","","","","0.0","","","","","","",""
"-73.58","45.50","MCTAVISH","7024745","2020-08-20","2020","08","20","","21.6","","13.2","","17.4","","0.6","","0.0","","","","","","2.3","","","","","","",""
"-73.58","45.50","MCTAVISH","7024745","2020-08-21","2020","08","21","","24.0","","17.4","","20.7","","0.0","","2.7","","","","","","8.6","","","","","","",""
"-73.58","45.50","MCTAVISH","7024745","2020-08-22","2020","08","22","","26.3","","16.6","","21.5","","0.0","","3.5","","","","","","0.0","","","","","","",""
"-73.58","45.50","MCTAVISH","7024745","2020-08-23","2020","08","23","","27.5","","18.4","","23.0","","0.0","","5.0","","","","","","17.5","","","","","","",""
"-73.58","45.50","MCTAVISH","7024745","2020-08-24","2020","08","24","","27.1","","18.9","","23.0","","0.0","","5.0","","","","","","13.6","","","","","","",""
"-73.58","45.50","MCTAVISH","7024745","2020-08-25","2020","08","25","","26.0","","13.2","","19.6","","0.0","","1.6","","","","","","0.2","","","","35","","43",""
"-73.58","45.50","MCTAVISH","7024745","2020-08-26","2020","08","26","","18.3","","10.5","","14.4","","3.6","","0.0","","","","","","","M","","","35","","32",""
"-73.58","45.50","MCTAVISH","7024745","2020-08-27","2020","08","27","","17.5","","10.3","","13.9","","4.1","","0.0","","","","","","0.0","","","","","","",""
"-73.58","45.50","MCTAVISH","7024745","2020-08-28","2020","08","28","","22.9","","12.7","","17.8","","0.2","","0.0","","","","","","0.0","","","","","","",""
"-73.58","45.50","MCTAVISH","7024745","2020-08-29","2020","08","29","","18.7","","14.4","","16.6","","1.4","","0.0","","","","","","31.9","","","","","","",""
"-73.58","45.50","MCTAVISH","7024745","2020-08-30","2020","08","30","","20.6","","12.3","","16.5","","1.5","","0.0","","","","","","0.6","","","","1","","40",""
"-73.58","45.50","MCTAVISH","7024745","2020-08-31","2020","08","31","","21.9","","11.9","","16.9","","1.1","","0.0","","","","","","0.0","","","","","","",""
"-73.58","45.50","MCTAVISH","7024745","2020-09-01","2020","09","01","","22.5","","15.7","","19.1","","0.0","","1.1","","","","","","0.0","","","","","","",""
"-73.58","45.50","MCTAVISH","7024745","2020-09-02","2020","09","02","","23.7","","17.6","","20.6","","0.0","","2.6","","","","","","11.3","","","","14","","34",""
"-73.58","45.50","MCTAVISH","7024745","2020-09-03","2020","09","03","","24.3","","16.2","","20.3","","0.0","","2.3","","","","","","0.0","","","","","","",""
"-73.58","45.50","MCTAVISH","7024745","2020-09-04","2020","09","04","","21.9","","13.9","","17.9","","0.1","","0.0","","","","","","0.0","","","","","","",""
"-73.58","45.50","MCTAVISH","7024745","2020-09-05","2020","09","05","","20.9","","12.3","","16.6","","1.4","","0.0","","","","","","0.0","","","","","","",""
"-73.58","45.50","MCTAVISH","7024745","2020-09-06","2020","09","06","","21.0","","12.7","","16.8","","1.2","","0.0","","","","","","0.0","","","","","","",""
"-73.58","45.50","MCTAVISH","7024745","2020-09-07","2020","09","07","","25.1","","13.9","","19.5","","0.0","","1.5","","","","","","12.9","","","","20","","31",""
"-73.58","45.50","MCTAVISH","7024745","2020-09-08","2020","09","08","","21.4","","12.7","","17.1","","0.9","","0.0","","","","","","1.7","","","","","","",""
"-73.58","45.50","MCTAVISH","7024745","2020-09-09","2020","09","09","","17.0","","12.7","","14.9","","3.1","","0.0","","","","","","0.6","","","","","","",""
"-73.58","45.50","MCTAVISH","7024745","2020-09-10","2020","09","10","","15.3","","11.2","","13.3","","4.7","","0.0","","","","","","0.6","","","","","","",""
"-73.58","45.50","MCTAVISH","7024745","2020-09-11","2020","09","11","","","M","","M","","M","","M","","M","","","","","","M","","","","M","","M"
"-73.58","45.50","MCTAVISH","7024745","2020-09-12","2020","09","12","","20.6","","9.4","","15.0","","3.0","","0.0","","","","","","0.0","","","","","","",""
"-73.58","45.50","MCTAVISH","7024745","2020-09-13","2020","09","13","","19.5","","15.6","","17.5","","0.5","","0.0","","","","","","24.6","","","","","","",""
"-73.58","45.50","MCTAVISH","7024745","2020-09-14","2020","09","14","","16.2","","9.6","","12.9","","5.1","","0.0","","","","","","0.0","","","","","","",""
"-73.58","45.50","MCTAVISH","7024745","2020-09-15","2020","09","15","","14.6","","7.5","","11.1","","6.9","","0.0","","","","","","0.0","","","","","","",""
"-73.58","45.50","MCTAVISH","7024745","2020-09-16","2020","09","16","","23.9","","11.3","","17.6","","0.4","","0.0","","","","","","0.0","","","","21","","33",""
"-73.58","45.50","MCTAVISH","7024745","2020-09-17","2020","09","17","","16.9","","7.6","","12.3","","5.7","","0.0","","","","","","0.0","","","","","","",""
"-73.58","45.50","MCTAVISH","7024745","2020-09-18","2020","09","18","","14.0","","5.5","","9.8","","8.2","","0.0","","","","","","0.0","","","","1","","35",""
"-73.58","45.50","MCTAVISH","7024745","2020-09-19","2020","09","19","","13.4","","5.0","","9.2","","8.8","","0.0","","","","","","0.0","","","","","","",""
"-73.58","45.50","MCTAVISH","7024745","2020-09-20","2020","09","20","","13.9","","5.5","","9.7","","8.3","","0.0","","","","","","0.0","","","","","","",""
"-73.58","45.50","MCTAVISH","7024745","2020-09-21","2020","09","21","","16.4","","5.0","","10.7","","7.3","","0.0","","","","","","0.0","","","","","","",""
"-73.58","45.50","MCTAVISH","7024745","2020-09-22","2020","09","22","","18.0","","5.4","","11.7","","6.3","","0.0","","","","","","0.0","","","","","","",""
"-73.58","45.50","MCTAVISH","7024745","2020-09-23","2020","09","23","","23.4","","12.6","","18.0","","0.0","","0.0","","","","","","0.0","","","","","","",""
"-73.58","45.50","MCTAVISH","7024745","2020-09-24","2020","09","24","","20.2","","11.5","","15.9","","2.1","","0.0","","","","","","0.0","","","","","","",""
"-73.58","45.50","MCTAVISH","7024745","2020-09-25","2020","09","25","","16.3","","9.1","","12.7","","5.3","","0.0","","","","","","0.0","","","","","","",""
"-73.58","45.50","MCTAVISH","7024745","2020-09-26","2020","09","26","","27.0","","10.2","","18.6","","0.0","","0.6","","","","","","0.2","","","","","","",""
"-73.58","45.50","MCTAVISH","7024745","2020-09-27","2020","09","27","","26.8","","18.0","","22.4","","0.0","","4.4","","","","","","0.0","","","","","","",""
"-73.58","45.50","MCTAVISH","7024745","2020-09-28","2020","09","28","","23.6","","18.7","","21.2","","0.0","","3.2","","","","","","0.0","","","","","","",""
"-73.58","45.50","MCTAVISH","7024745","2020-09-29","2020","09","29","","21.5","","13.7","","17.6","","0.4","","0.0","","","","","","21.7","","","","","","",""
"-73.58","45.50","MCTAVISH","7024745","2020-09-30","2020","09","30","","17.0","","12.1","","14.6","","3.4","","0.0","","","","","","22.0","","","","18","","36",""
"-73.58","45.50","MCTAVISH","7024745","2020-10-01","2020","10","01","","18.5","","10.2","","14.3","","3.7","","0.0","","","","","","1.2","","","","","","",""
"-73.58","45.50","MCTAVISH","7024745","2020-10-02","2020","10","02","","12.9","","9.1","","11.0","","7.0","","0.0","","","","","","3.1","","","","","","",""
"-73.58","45.50","MCTAVISH","7024745","2020-10-03","2020","10","03","","13.9","","7.2","","10.5","","7.5","","0.0","","","","","","0.0","","","","","","",""
"-73.58","45.50","MCTAVISH","7024745","2020-10-04","2020","10","04","","15.8","","6.9","","11.4","","6.6","","0.0","","","","","","0.0","","","","","","",""
"-73.58","45.50","MCTAVISH","7024745","2020-10-05","2020","10","05","","16.6","","9.7","","13.1","","4.9","","0.0","","","","","","0.0","","","","","","",""
"-73.58","45.50","MCTAVISH","7024745","2020-10-06","2020","10","06","","17.5","","9.5","","13.5","","4.5","","0.0","","","","","","0.0","","","","21","","31",""
"-73.58","45.50","MCTAVISH","7024745","2020-10-07","2020","10","07","","14.4","","8.8","","11.6","","6.4","","0.0","","","","","","17.5","","","","20","","33",""
"-73.58","45.50","MCTAVISH","7024745","2020-10-08","2020","10","08","","9.5","","3.5","","6.5","","11.5","","0.0","","","","","","0.0","","","","1","","33",""
"-73.58","45.50","MCTAVISH","7024745","2020-10-09","2020","10","09","","13.7","","3.7","","8.7","","9.3","","0.0","","","","","","0.0","","","","","","",""
"-73.58","45.50","MCTAVISH","7024745","2020-10-10","2020","10","10","","23.0","","7.5","","15.3","","2.7","","0.0","","","","","","2.1","","","","35","","44",""
"-73.58","45.50","MCTAVISH","7024745","2020-10-11","2020","10","11","","9.9","","4.3","","7.1","","10.9","","0.0","","","","","","0.0","","","","","","",""
"-73.58","45.50","MCTAVISH","7024745","2020-10-12","2020","10","12","","16.2","","1.4","","8.8","","9.2","","0.0","","","","","","0.0","","","","","","",""
"-73.58","45.50","MCTAVISH","7024745","2020-10-13","2020","10","13","","11.1","","7.9","","9.5","","8.5","","0.0","","","","","","28.5","","","","","","",""
"-73.58","45.50","MCTAVISH","7024745","2020-10-14","2020","10","14","","15.5","","8.3","","11.9","","6.1","","0.0","","","","","","0.0","","","","","","",""
"-73.58","45.50","MCTAVISH","7024745","2020-10-15","2020","10","15","","22.4","","9.3","","15.9","","2.1","","0.0","","","","","","3.0","","","","","","",""
"-73.58","45.50","MCTAVISH","7024745","2020-10-16","2020","10","16","","10.8","","6.9","","8.8","","9.2","","0.0","","","","","","8.4","","","","","","",""
"-73.58","45.50","MCTAVISH","7024745","2020-10-17","2020","10","17","","13.2","","6.2","","9.7","","8.3","","0.0","","","","","","0.2","","","","","","",""
"-73.58","45.50","MCTAVISH","7024745","2020-10-18","2020","10","18","","15.2","","6.3","","10.7","","7.3","","0.0","","","","","","0.0","","","","18","","32",""
"-73.58","45.50","MCTAVISH","7024745","2020-10-19","2020","10","19","","12.8","","8.5","","10.7","","7.3","","0.0","","","","","","7.7","","","","","","",""
"-73.58","45.50","MCTAVISH","7024745","2020-10-20","2020","10","20","","10.3","","5.9","","8.1","","9.9","","0.0","","","","","","16.4","","","","","","",""
"-73.58","45.50","MCTAVISH","7024745","2020-10-21","2020","10","21","","16.0","","4.8","","10.4","","7.6","","0.0","","","","","","14.0","","","","","","",""
"-73.58","45.50","MCTAVISH","7024745","2020-10-22","2020","10","22","","14.2","","7.7","","10.9","","7.1","","0.0","","","","","","0.0","","","","","","",""
"-73.58","45.50","MCTAVISH","7024745","2020-10-23","2020","10","23","","23.2","","9.5","","16.3","","1.7","","0.0","","","","","","0.0","","","","","","",""
"-73.58","45.50","MCTAVISH","7024745","2020-10-24","2020","10","24","","17.6","","3.3","","10.5","","7.5","","0.0","","","","","","6.6","","","","36","","33",""
"-73.58","45.50","MCTAVISH","7024745","2020-10-25","2020","10","25","","6.4","","1.1","","3.8","","14.2","","0.0","","","","","","0.0","","","","","","",""
"-73.58","45.50","MCTAVISH","7024745","2020-10-26","2020","10","26","","5.7","","2.1","","3.9","","14.1","","0.0","","","","","","10.9","","","","","","",""
"-73.58","45.50","MCTAVISH","7024745","2020-10-27","2020","10","27","","3.5","","-0.4","","1.6","","16.4","","0.0","","","","","","0.2","","","","","","",""
"-73.58","45.50","MCTAVISH","7024745","2020-10-28","2020","10","28","","8.1","","0.1","","4.1","","13.9","","0.0","","","","","","0.0","","","","","","",""
"-73.58","45.50","MCTAVISH","7024745","2020-10-29","2020","10","29","","7.7","","-1.4","","3.1","","14.9","","0.0","","","","","","0.0","","","","7","","42",""
"-73.58","45.50","MCTAVISH","7024745","2020-10-30","2020","10","30","","1.9","","-3.6","","-0.8","","18.8","","0.0","","","","","","0.0","","","","","","",""
"-73.58","45.50","MCTAVISH","7024745","2020-10-31","2020","10","31","","5.9","","-1.9","","2.0","","16.0","","0.0","","","","","","0.0","","","","","","",""
"-73.58","45.50","MCTAVISH","7024745","2020-11-01","2020","11","01","","8.3","","1.1","","4.7","","13.3","","0.0","","","","","","2.4","","0","","19","","39",""
"-73.58","45.50","MCTAVISH","7024745","2020-11-02","2020","11","02","","2.7","","-2.2","","0.2","","17.8","","0.0","","","","","","2.8","","","","2","","45",""
"-73.58","45.50","MCTAVISH","7024745","2020-11-03","2020","11","03","","","","","","","","","","","","","","","","","","","","","","",""
"-73.58","45.50","MCTAVISH","7024745","2020-11-04","2020","11","04","","","","","","","","","","","","","","","","","","","","","","",""
"-73.58","45.50","MCTAVISH","7024745","2020-11-05","2020","11","05","","","","","","","","","","","","","","","","","","","","","","",""
"-73.58","45.50","MCTAVISH","7024745","2020-11-06","2020","11","06","","","","","","","","","","","","","","","","","","","","","","",""
"-73.58","45.50","MCTAVISH","7024745","2020-11-07","2020","11","07","","","","","","","","","","","","","","","","","","","","","","",""
"-73.58","45.50","MCTAVISH","7024745","2020-11-08","2020","11","08","","","","","","","","","","","","","","","","","","","","","","",""
"-73.58","45.50","MCTAVISH","7024745","2020-11-09","2020","11","09","","","","","","","","","","","","","","","","","","","","","","",""
"-73.58","45.50","MCTAVISH","7024745","2020-11-10","2020","11","10","","","","","","","","","","","","","","","","","","","","","","",""
"-73.58","45.50","MCTAVISH","7024745","2020-11-11","2020","11","11","","","","","","","","","","","","","","","","","","","","","","",""
"-73.58","45.50","MCTAVISH","7024745","2020-11-12","2020","11","12","","","","","","","","","","","","","","","","","","","","","","",""
"-73.58","45.50","MCTAVISH","7024745","2020-11-13","2020","11","13","","","","","","","","","","","","","","","","","","","","","","",""
"-73.58","45.50","MCTAVISH","7024745","2020-11-14","2020","11","14","","","","","","","","","","","","","","","","","","","","","","",""
"-73.58","45.50","MCTAVISH","7024745","2020-11-15","2020","11","15","","","","","","","","","","","","","","","","","","","","","","",""
"-73.58","45.50","MCTAVISH","7024745","2020-11-16","2020","11","16","","","","","","","","","","","","","","","","","","","","","","",""
"-73.58","45.50","MCTAVISH","7024745","2020-11-17","2020","11","17","","","","","","","","","","","","","","","","","","","","","","",""
"-73.58","45.50","MCTAVISH","7024745","2020-11-18","2020","11","18","","","","","","","","","","","","","","","","","","","","","","",""
"-73.58","45.50","MCTAVISH","7024745","2020-11-19","2020","11","19","","","","","","","","","","","","","","","","","","","","","","",""
"-73.58","45.50","MCTAVISH","7024745","2020-11-20","2020","11","20","","","","","","","","","","","","","","","","","","","","","","",""
"-73.58","45.50","MCTAVISH","7024745","2020-11-21","2020","11","21","","","","","","","","","","","","","","","","","","","","","","",""
"-73.58","45.50","MCTAVISH","7024745","2020-11-22","2020","11","22","","","","","","","","","","","","","","","","","","","","","","",""
"-73.58","45.50","MCTAVISH","7024745","2020-11-23","2020","11","23","","","","","","","","","","","","","","","","","","","","","","",""
"-73.58","45.50","MCTAVISH","7024745","2020-11-24","2020","11","24","","","","","","","","","","","","","","","","","","","","","","",""
"-73.58","45.50","MCTAVISH","7024745","2020-11-25","2020","11","25","","","","","","","","","","","","","","","","","","","","","","",""
"-73.58","45.50","MCTAVISH","7024745","2020-11-26","2020","11","26","","","","","","","","","","","","","","","","","","","","","","",""
"-73.58","45.50","MCTAVISH","7024745","2020-11-27","2020","11","27","","","","","","","","","","","","","","","","","","","","","","",""
"-73.58","45.50","MCTAVISH","7024745","2020-11-28","2020","11","28","","","","","","","","","","","","","","","","","","","","","","",""
"-73.58","45.50","MCTAVISH","7024745","2020-11-29","2020","11","29","","","","","","","","","","","","","","","","","","","","","","",""
"-73.58","45.50","MCTAVISH","7024745","2020-11-30","2020","11","30","","","","","","","","","","","","","","","","","","","","","","",""
"-73.58","45.50","MCTAVISH","7024745","2020-12-01","2020","12","01","","","","","","","","","","","","","","","","","","","","","","",""
"-73.58","45.50","MCTAVISH","7024745","2020-12-02","2020","12","02","","","","","","","","","","","","","","","","","","","","","","",""
"-73.58","45.50","MCTAVISH","7024745","2020-12-03","2020","12","03","","","","","","","","","","","","","","","","","","","","","","",""
"-73.58","45.50","MCTAVISH","7024745","2020-12-04","2020","12","04","","","","","","","","","","","","","","","","","","","","","","",""
"-73.58","45.50","MCTAVISH","7024745","2020-12-05","2020","12","05","","","","","","","","","","","","","","","","","","","","","","",""
"-73.58","45.50","MCTAVISH","7024745","2020-12-06","2020","12","06","","","","","","","","","","","","","","","","","","","","","","",""
"-73.58","45.50","MCTAVISH","7024745","2020-12-07","2020","12","07","","","","","","","","","","","","","","","","","","","","","","",""
"-73.58","45.50","MCTAVISH","7024745","2020-12-08","2020","12","08","","","","","","","","","","","","","","","","","","","","","","",""
"-73.58","45.50","MCTAVISH","7024745","2020-12-09","2020","12","09","","","","","","","","","","","","","","","","","","","","","","",""
"-73.58","45.50","MCTAVISH","7024745","2020-12-10","2020","12","10","","","","","","","","","","","","","","","","","","","","","","",""
"-73.58","45.50","MCTAVISH","7024745","2020-12-11","2020","12","11","","","","","","","","","","","","","","","","","","","","","","",""
"-73.58","45.50","MCTAVISH","7024745","2020-12-12","2020","12","12","","","","","","","","","","","","","","","","","","","","","","",""
"-73.58","45.50","MCTAVISH","7024745","2020-12-13","2020","12","13","","","","","","","","","","","","","","","","","","","","","","",""
"-73.58","45.50","MCTAVISH","7024745","2020-12-14","2020","12","14","","","","","","","","","","","","","","","","","","","","","","",""
"-73.58","45.50","MCTAVISH","7024745","2020-12-15","2020","12","15","","","","","","","","","","","","","","","","","","","","","","",""
"-73.58","45.50","MCTAVISH","7024745","2020-12-16","2020","12","16","","","","","","","","","","","","","","","","","","","","","","",""
"-73.58","45.50","MCTAVISH","7024745","2020-12-17","2020","12","17","","","","","","","","","","","","","","","","","","","","","","",""
"-73.58","45.50","MCTAVISH","7024745","2020-12-18","2020","12","18","","","","","","","","","","","","","","","","","","","","","","",""
"-73.58","45.50","MCTAVISH","7024745","2020-12-19","2020","12","19","","","","","","","","","","","","","","","","","","","","","","",""
"-73.58","45.50","MCTAVISH","7024745","2020-12-20","2020","12","20","","","","","","","","","","","","","","","","","","","","","","",""
"-73.58","45.50","MCTAVISH","7024745","2020-12-21","2020","12","21","","","","","","","","","","","","","","","","","","","","","","",""
"-73.58","45.50","MCTAVISH","7024745","2020-12-22","2020","12","22","","","","","","","","","","","","","","","","","","","","","","",""
"-73.58","45.50","MCTAVISH","7024745","2020-12-23","2020","12","23","","","","","","","","","","","","","","","","","","","","","","",""
"-73.58","45.50","MCTAVISH","7024745","2020-12-24","2020","12","24","","","","","","","","","","","","","","","","","","","","","","",""
"-73.58","45.50","MCTAVISH","7024745","2020-12-25","2020","12","25","","","","","","","","","","","","","","","","","","","","","","",""
"-73.58","45.50","MCTAVISH","7024745","2020-12-26","2020","12","26","","","","","","","","","","","","","","","","","","","","","","",""
"-73.58","45.50","MCTAVISH","7024745","2020-12-27","2020","12","27","","","","","","","","","","","","","","","","","","","","","","",""
"-73.58","45.50","MCTAVISH","7024745","2020-12-28","2020","12","28","","","","","","","","","","","","","","","","","","","","","","",""
"-73.58","45.50","MCTAVISH","7024745","2020-12-29","2020","12","29","","","","","","","","","","","","","","","","","","","","","","",""
"-73.58","45.50","MCTAVISH","7024745","2020-12-30","2020","12","30","","","","","","","","","","","","","","","","","","","","","","",""
"-73.58","45.50","MCTAVISH","7024745","2020-12-31","2020","12","31","","","","","","","","","","","","","","","","","","","","","","",""
